2021-02-10 15:23:09	247a9f6a-2d7d-4e3d-8aba-aeffe5cff12b	@kawaiwf.sqlar
2021-02-10 15:23:10	b86319a2-b6af-4290-ac14-d097fb5328fc	/kawaiwf
-	b86319a2-b6af-4290-ac14-d097fb5328fc	#247a9f6a-2d7d-4e3d-8aba-aeffe5cff12b
2021-02-10 15:23:10	c09bd128-f876-4d14-93ac-0b1f56494de6	/kawaiwf/Kawai_K1_Wavelist.PDF
-	c09bd128-f876-4d14-93ac-0b1f56494de6	#247a9f6a-2d7d-4e3d-8aba-aeffe5cff12b
2021-02-10 15:23:10	c580b072-bb73-4bd8-b9af-035fc866a687	/kawaiwf/README.txt
-	c580b072-bb73-4bd8-b9af-035fc866a687	#247a9f6a-2d7d-4e3d-8aba-aeffe5cff12b
2021-02-10 15:23:10	59b4f1cb-8d36-43a4-bea3-21657d306278	/kawaiwf/kawai_k1_001_SIN_1st.wav
-	59b4f1cb-8d36-43a4-bea3-21657d306278	#247a9f6a-2d7d-4e3d-8aba-aeffe5cff12b
2021-02-10 15:23:10	3db717dc-a368-4c91-8673-0d0740f2c0ce	/kawaiwf/kawai_k1_002_SIN_2nd.wav
-	3db717dc-a368-4c91-8673-0d0740f2c0ce	#247a9f6a-2d7d-4e3d-8aba-aeffe5cff12b
2021-02-10 15:23:10	dcc6854c-9192-40e5-a5fe-08807ba2b751	/kawaiwf/kawai_k1_003_SIN_3rd.wav
-	dcc6854c-9192-40e5-a5fe-08807ba2b751	#247a9f6a-2d7d-4e3d-8aba-aeffe5cff12b
2021-02-10 15:23:10	274c6ddc-b91f-41c7-a0ba-8c39966b4f4f	/kawaiwf/kawai_k1_004_SIN_4th.wav
-	274c6ddc-b91f-41c7-a0ba-8c39966b4f4f	#247a9f6a-2d7d-4e3d-8aba-aeffe5cff12b
2021-02-10 15:23:10	7b028f31-6ba9-4306-ac36-101229736a80	/kawaiwf/kawai_k1_005_SIN_5th.wav
-	7b028f31-6ba9-4306-ac36-101229736a80	#247a9f6a-2d7d-4e3d-8aba-aeffe5cff12b
2021-02-10 15:23:10	5d01706a-adc4-43eb-b931-c9c65c39a95a	/kawaiwf/kawai_k1_006_SIN_6th.wav
-	5d01706a-adc4-43eb-b931-c9c65c39a95a	#247a9f6a-2d7d-4e3d-8aba-aeffe5cff12b
2021-02-10 15:23:10	a266d6c6-347f-404c-808f-dabc99b56b96	/kawaiwf/kawai_k1_007_SIN_7th.wav
-	a266d6c6-347f-404c-808f-dabc99b56b96	#247a9f6a-2d7d-4e3d-8aba-aeffe5cff12b
2021-02-10 15:23:10	3b27a6d7-55d2-40cb-8191-a389ba09329a	/kawaiwf/kawai_k1_008_SIN_8th.wav
-	3b27a6d7-55d2-40cb-8191-a389ba09329a	#247a9f6a-2d7d-4e3d-8aba-aeffe5cff12b
2021-02-10 15:23:10	584ced0c-abb9-411b-abd0-3352b008c95c	/kawaiwf/kawai_k1_009_SIN_9th.wav
-	584ced0c-abb9-411b-abd0-3352b008c95c	#247a9f6a-2d7d-4e3d-8aba-aeffe5cff12b
2021-02-10 15:23:10	3559d9d1-5a35-4085-a48e-32d3101a703c	/kawaiwf/kawai_k1_010_SIN_10th.wav
-	3559d9d1-5a35-4085-a48e-32d3101a703c	#247a9f6a-2d7d-4e3d-8aba-aeffe5cff12b
2021-02-10 15:23:10	7fbc3ba7-23e3-43aa-86d5-c7f3e37b4875	/kawaiwf/kawai_k1_011_SIN_11th.wav
-	7fbc3ba7-23e3-43aa-86d5-c7f3e37b4875	#247a9f6a-2d7d-4e3d-8aba-aeffe5cff12b
2021-02-10 15:23:10	9253af81-5f0b-40fd-a80d-c14a3b24ad89	/kawaiwf/kawai_k1_012_SIN_12th.wav
-	9253af81-5f0b-40fd-a80d-c14a3b24ad89	#247a9f6a-2d7d-4e3d-8aba-aeffe5cff12b
2021-02-10 15:23:10	290ba959-79da-473a-af99-f07e92571a78	/kawaiwf/kawai_k1_013_SIN_16th.wav
-	290ba959-79da-473a-af99-f07e92571a78	#247a9f6a-2d7d-4e3d-8aba-aeffe5cff12b
2021-02-10 15:23:10	1846feea-272f-4a65-a972-2a359190b9c3	/kawaiwf/kawai_k1_014_SAW_01.wav
-	1846feea-272f-4a65-a972-2a359190b9c3	#247a9f6a-2d7d-4e3d-8aba-aeffe5cff12b
2021-02-10 15:23:10	159729eb-767b-4f65-bcbf-b45c19d3e557	/kawaiwf/kawai_k1_015_SAW_02.wav
-	159729eb-767b-4f65-bcbf-b45c19d3e557	#247a9f6a-2d7d-4e3d-8aba-aeffe5cff12b
2021-02-10 15:23:10	f9cce90c-f126-41d2-b9ab-98dd1b77e219	/kawaiwf/kawai_k1_016_SAW_03.wav
-	f9cce90c-f126-41d2-b9ab-98dd1b77e219	#247a9f6a-2d7d-4e3d-8aba-aeffe5cff12b
2021-02-10 15:23:10	7ffe9236-84aa-4165-8618-4ea12d456e93	/kawaiwf/kawai_k1_017_SAW_04.wav
-	7ffe9236-84aa-4165-8618-4ea12d456e93	#247a9f6a-2d7d-4e3d-8aba-aeffe5cff12b
2021-02-10 15:23:10	00335602-e339-4ad9-ad69-842bee81351b	/kawaiwf/kawai_k1_018_SAW_05.wav
-	00335602-e339-4ad9-ad69-842bee81351b	#247a9f6a-2d7d-4e3d-8aba-aeffe5cff12b
2021-02-10 15:23:10	9d241138-9fcd-4201-9bdf-e9ef9e93d70e	/kawaiwf/kawai_k1_019_SAW_06.wav
-	9d241138-9fcd-4201-9bdf-e9ef9e93d70e	#247a9f6a-2d7d-4e3d-8aba-aeffe5cff12b
2021-02-10 15:23:10	cf15f3e1-1ad1-47e6-a11c-71c05b39e8e6	/kawaiwf/kawai_k1_020_SAW_07.wav
-	cf15f3e1-1ad1-47e6-a11c-71c05b39e8e6	#247a9f6a-2d7d-4e3d-8aba-aeffe5cff12b
2021-02-10 15:23:10	42626b74-1d95-47b1-8f49-263401718a56	/kawaiwf/kawai_k1_021_SAW_08.wav
-	42626b74-1d95-47b1-8f49-263401718a56	#247a9f6a-2d7d-4e3d-8aba-aeffe5cff12b
2021-02-10 15:23:10	523ce843-4351-4f4f-adc8-1a5f94d24754	/kawaiwf/kawai_k1_022_SAW_09.wav
-	523ce843-4351-4f4f-adc8-1a5f94d24754	#247a9f6a-2d7d-4e3d-8aba-aeffe5cff12b
2021-02-10 15:23:10	32c5d58b-eea0-4bce-b28e-6b4f6ed7215a	/kawaiwf/kawai_k1_023_SAW_10.wav
-	32c5d58b-eea0-4bce-b28e-6b4f6ed7215a	#247a9f6a-2d7d-4e3d-8aba-aeffe5cff12b
2021-02-10 15:23:10	314cb46e-0f5a-4db8-8953-443d1cdae59d	/kawaiwf/kawai_k1_024_SAW_11.wav
-	314cb46e-0f5a-4db8-8953-443d1cdae59d	#247a9f6a-2d7d-4e3d-8aba-aeffe5cff12b
2021-02-10 15:23:10	46cd5ce2-9da4-42de-a56b-c093e2a70079	/kawaiwf/kawai_k1_025_SAW_12.wav
-	46cd5ce2-9da4-42de-a56b-c093e2a70079	#247a9f6a-2d7d-4e3d-8aba-aeffe5cff12b
2021-02-10 15:23:10	150c9a34-3bce-40a2-b957-8e27878fd84f	/kawaiwf/kawai_k1_026_SAW_13.wav
-	150c9a34-3bce-40a2-b957-8e27878fd84f	#247a9f6a-2d7d-4e3d-8aba-aeffe5cff12b
2021-02-10 15:23:10	38633911-3788-4fb3-a7f5-112dd8d472e0	/kawaiwf/kawai_k1_027_SAW_14.wav
-	38633911-3788-4fb3-a7f5-112dd8d472e0	#247a9f6a-2d7d-4e3d-8aba-aeffe5cff12b
2021-02-10 15:23:10	31e89aa8-6825-44e9-b2ec-0ed8a3127f7d	/kawaiwf/kawai_k1_028_SAW_15.wav
-	31e89aa8-6825-44e9-b2ec-0ed8a3127f7d	#247a9f6a-2d7d-4e3d-8aba-aeffe5cff12b
2021-02-10 15:23:10	782b2883-ddb7-41dc-a359-579a1fd1031f	/kawaiwf/kawai_k1_029_SAW_16.wav
-	782b2883-ddb7-41dc-a359-579a1fd1031f	#247a9f6a-2d7d-4e3d-8aba-aeffe5cff12b
2021-02-10 15:23:10	cf6ec862-ba6a-48f7-aba0-c7ddcecb269c	/kawaiwf/kawai_k1_030_SAW_17.wav
-	cf6ec862-ba6a-48f7-aba0-c7ddcecb269c	#247a9f6a-2d7d-4e3d-8aba-aeffe5cff12b
2021-02-10 15:23:10	3026a0b0-3dc2-4c48-885d-16e84dc57f06	/kawaiwf/kawai_k1_031_SAW_18.wav
-	3026a0b0-3dc2-4c48-885d-16e84dc57f06	#247a9f6a-2d7d-4e3d-8aba-aeffe5cff12b
2021-02-10 15:23:10	17702953-9fcb-42f6-913b-8940c62c3e99	/kawaiwf/kawai_k1_032_SAW_19.wav
-	17702953-9fcb-42f6-913b-8940c62c3e99	#247a9f6a-2d7d-4e3d-8aba-aeffe5cff12b
2021-02-10 15:23:10	5a745322-de2e-4bde-a8fc-049ed8ce1e87	/kawaiwf/kawai_k1_033_SQUARE_01.wav
-	5a745322-de2e-4bde-a8fc-049ed8ce1e87	#247a9f6a-2d7d-4e3d-8aba-aeffe5cff12b
2021-02-10 15:23:10	8a68dfe2-469f-4b78-b0c5-80d3b3d99b80	/kawaiwf/kawai_k1_034_SQUARE_02.wav
-	8a68dfe2-469f-4b78-b0c5-80d3b3d99b80	#247a9f6a-2d7d-4e3d-8aba-aeffe5cff12b
2021-02-10 15:23:10	9ecbc0a9-a6ba-4667-b6f3-103fdc9c9c2c	/kawaiwf/kawai_k1_035_SQUARE_03.wav
-	9ecbc0a9-a6ba-4667-b6f3-103fdc9c9c2c	#247a9f6a-2d7d-4e3d-8aba-aeffe5cff12b
2021-02-10 15:23:10	175a7295-ef61-476c-8c45-9efbf1730e79	/kawaiwf/kawai_k1_036_SQUARE_04.wav
-	175a7295-ef61-476c-8c45-9efbf1730e79	#247a9f6a-2d7d-4e3d-8aba-aeffe5cff12b
2021-02-10 15:23:10	59892f89-98a1-4d1a-8ea8-6166d492add8	/kawaiwf/kawai_k1_037_SQUARE_05.wav
-	59892f89-98a1-4d1a-8ea8-6166d492add8	#247a9f6a-2d7d-4e3d-8aba-aeffe5cff12b
2021-02-10 15:23:10	ceba17ee-5fc6-426d-8f7c-b76d3e0f8028	/kawaiwf/kawai_k1_038_INVERSE_SAW.wav
-	ceba17ee-5fc6-426d-8f7c-b76d3e0f8028	#247a9f6a-2d7d-4e3d-8aba-aeffe5cff12b
2021-02-10 15:23:10	59dd3037-459d-4ff9-a1c0-a786ff992cd8	/kawaiwf/kawai_k1_039_TRIANGLE.wav
-	59dd3037-459d-4ff9-a1c0-a786ff992cd8	#247a9f6a-2d7d-4e3d-8aba-aeffe5cff12b
2021-02-10 15:23:10	99d69625-5095-4560-ad28-ff5c78f88f77	/kawaiwf/kawai_k1_040_RANDOM.wav
-	99d69625-5095-4560-ad28-ff5c78f88f77	#247a9f6a-2d7d-4e3d-8aba-aeffe5cff12b
2021-02-10 15:23:10	53b6a45b-dda7-49f5-b821-f2de9b86e314	/kawaiwf/kawai_k1_041_FRENCH HORN.wav
-	53b6a45b-dda7-49f5-b821-f2de9b86e314	#247a9f6a-2d7d-4e3d-8aba-aeffe5cff12b
2021-02-10 15:23:10	8d1d3178-98af-4d4d-b5fb-19c0853e68ac	/kawaiwf/kawai_k1_042_STRING.wav
-	8d1d3178-98af-4d4d-b5fb-19c0853e68ac	#247a9f6a-2d7d-4e3d-8aba-aeffe5cff12b
2021-02-10 15:23:10	0f744e66-06fd-4c2e-9bbf-2b09bf88ac9e	/kawaiwf/kawai_k1_043_STRING.wav
-	0f744e66-06fd-4c2e-9bbf-2b09bf88ac9e	#247a9f6a-2d7d-4e3d-8aba-aeffe5cff12b
2021-02-10 15:23:10	11c5e13b-c23f-4980-8013-2d0a5c13b828	/kawaiwf/kawai_k1_044_STRING_PAD.wav
-	11c5e13b-c23f-4980-8013-2d0a5c13b828	#247a9f6a-2d7d-4e3d-8aba-aeffe5cff12b
2021-02-10 15:23:10	625bcbde-10c3-4395-a0d3-08a529bc2cd8	/kawaiwf/kawai_k1_045_PIANO_01.wav
-	625bcbde-10c3-4395-a0d3-08a529bc2cd8	#247a9f6a-2d7d-4e3d-8aba-aeffe5cff12b
2021-02-10 15:23:10	a5f670de-6977-4c08-afcb-063583405df0	/kawaiwf/kawai_k1_046_EL_GRAND.wav
-	a5f670de-6977-4c08-afcb-063583405df0	#247a9f6a-2d7d-4e3d-8aba-aeffe5cff12b
2021-02-10 15:23:10	525f15ee-66f9-4515-8382-8c931565e75a	/kawaiwf/kawai_k1_047_E_PIANO_01.wav
-	525f15ee-66f9-4515-8382-8c931565e75a	#247a9f6a-2d7d-4e3d-8aba-aeffe5cff12b
2021-02-10 15:23:10	1b074479-bae4-4474-b2cc-a37d48c8e1cc	/kawaiwf/kawai_k1_048_E_PIANO_02.wav
-	1b074479-bae4-4474-b2cc-a37d48c8e1cc	#247a9f6a-2d7d-4e3d-8aba-aeffe5cff12b
2021-02-10 15:23:10	a96ae97e-15f9-48b8-bcf9-69a043e8988d	/kawaiwf/kawai_k1_049_E_PIANO_03.wav
-	a96ae97e-15f9-48b8-bcf9-69a043e8988d	#247a9f6a-2d7d-4e3d-8aba-aeffe5cff12b
2021-02-10 15:23:10	2df9df53-83e3-4940-8e15-bd30b3c3e6fe	/kawaiwf/kawai_k1_050_CLAVI.wav
-	2df9df53-83e3-4940-8e15-bd30b3c3e6fe	#247a9f6a-2d7d-4e3d-8aba-aeffe5cff12b
2021-02-10 15:23:10	1bc048d4-b3aa-4956-90c7-e975abae884a	/kawaiwf/kawai_k1_051_VIBE.wav
-	1bc048d4-b3aa-4956-90c7-e975abae884a	#247a9f6a-2d7d-4e3d-8aba-aeffe5cff12b
2021-02-10 15:23:10	6c0da91e-75b2-4882-9813-3004196feb00	/kawaiwf/kawai_k1_052_A_GUITAR.wav
-	6c0da91e-75b2-4882-9813-3004196feb00	#247a9f6a-2d7d-4e3d-8aba-aeffe5cff12b
2021-02-10 15:23:10	6c4493da-5a45-4644-9285-f5cfe14ffcec	/kawaiwf/kawai_k1_053_F_GUITAR.wav
-	6c4493da-5a45-4644-9285-f5cfe14ffcec	#247a9f6a-2d7d-4e3d-8aba-aeffe5cff12b
2021-02-10 15:23:10	59d29d6d-1302-411c-8f41-1b6c0a8ddd16	/kawaiwf/kawai_k1_054_F_GUITAR.wav
-	59d29d6d-1302-411c-8f41-1b6c0a8ddd16	#247a9f6a-2d7d-4e3d-8aba-aeffe5cff12b
2021-02-10 15:23:10	b33806ee-dfe0-4ae0-810f-9b8d892a2e11	/kawaiwf/kawai_k1_055_Ac_BASS.wav
-	b33806ee-dfe0-4ae0-810f-9b8d892a2e11	#247a9f6a-2d7d-4e3d-8aba-aeffe5cff12b
2021-02-10 15:23:10	89268741-e58a-4413-a1c3-9ef1a502ea27	/kawaiwf/kawai_k1_056_Ac_BASS.wav
-	89268741-e58a-4413-a1c3-9ef1a502ea27	#247a9f6a-2d7d-4e3d-8aba-aeffe5cff12b
2021-02-10 15:23:10	456dd664-3a91-4ef3-b075-8e417f7fea8e	/kawaiwf/kawai_k1_057_DIGI_BASS_01.wav
-	456dd664-3a91-4ef3-b075-8e417f7fea8e	#247a9f6a-2d7d-4e3d-8aba-aeffe5cff12b
2021-02-10 15:23:10	da2950af-f16a-47dd-a41d-22cadbaad989	/kawaiwf/kawai_k1_058_PICK_BASS.wav
-	da2950af-f16a-47dd-a41d-22cadbaad989	#247a9f6a-2d7d-4e3d-8aba-aeffe5cff12b
2021-02-10 15:23:10	4240bc78-3a07-468d-b7e8-4bc5d45b4831	/kawaiwf/kawai_k1_059_DIGI_BASS_02.wav
-	4240bc78-3a07-468d-b7e8-4bc5d45b4831	#247a9f6a-2d7d-4e3d-8aba-aeffe5cff12b
2021-02-10 15:23:10	abef1cba-f881-47f4-a41e-da0c6e88af7b	/kawaiwf/kawai_k1_060_ROUND_BASS.wav
-	abef1cba-f881-47f4-a41e-da0c6e88af7b	#247a9f6a-2d7d-4e3d-8aba-aeffe5cff12b
2021-02-10 15:23:10	604bc864-2877-49e0-9cff-5ab769bedf5e	/kawaiwf/kawai_k1_061_FRETLESS.wav
-	604bc864-2877-49e0-9cff-5ab769bedf5e	#247a9f6a-2d7d-4e3d-8aba-aeffe5cff12b
2021-02-10 15:23:10	9196cc78-1346-45f9-89ac-0e8202674443	/kawaiwf/kawai_k1_062_FRETLESS.wav
-	9196cc78-1346-45f9-89ac-0e8202674443	#247a9f6a-2d7d-4e3d-8aba-aeffe5cff12b
2021-02-10 15:23:10	5c884c21-a4b8-4580-a91d-47001b6afadb	/kawaiwf/kawai_k1_063_FLUTE.wav
-	5c884c21-a4b8-4580-a91d-47001b6afadb	#247a9f6a-2d7d-4e3d-8aba-aeffe5cff12b
2021-02-10 15:23:10	9c5118a4-da10-40dc-96b4-15877c6c3fe3	/kawaiwf/kawai_k1_064_PANFLUTE.wav
-	9c5118a4-da10-40dc-96b4-15877c6c3fe3	#247a9f6a-2d7d-4e3d-8aba-aeffe5cff12b
2021-02-10 15:23:10	24ee00dd-af6b-46f7-8eae-ed1c597e96a7	/kawaiwf/kawai_k1_065_HARMONICA.wav
-	24ee00dd-af6b-46f7-8eae-ed1c597e96a7	#247a9f6a-2d7d-4e3d-8aba-aeffe5cff12b
2021-02-10 15:23:10	4ef87607-15ad-49da-937a-c329ffca7c5a	/kawaiwf/kawai_k1_066_GLOCKEN.wav
-	4ef87607-15ad-49da-937a-c329ffca7c5a	#247a9f6a-2d7d-4e3d-8aba-aeffe5cff12b
2021-02-10 15:23:10	b34fe0c3-f570-4355-937e-585384787a14	/kawaiwf/kawai_k1_067_TINE.wav
-	b34fe0c3-f570-4355-937e-585384787a14	#247a9f6a-2d7d-4e3d-8aba-aeffe5cff12b
2021-02-10 15:23:10	da36f509-fb90-4b40-93c0-0d1a7a46ea5b	/kawaiwf/kawai_k1_068_HARP.wav
-	da36f509-fb90-4b40-93c0-0d1a7a46ea5b	#247a9f6a-2d7d-4e3d-8aba-aeffe5cff12b
2021-02-10 15:23:10	b432b13a-39b9-4c4d-a178-082d41faa134	/kawaiwf/kawai_k1_069_MARIMBA.wav
-	b432b13a-39b9-4c4d-a178-082d41faa134	#247a9f6a-2d7d-4e3d-8aba-aeffe5cff12b
2021-02-10 15:23:10	4aacc224-0e17-4740-8086-cff7db8cc9a4	/kawaiwf/kawai_k1_070_E_TOM.wav
-	4aacc224-0e17-4740-8086-cff7db8cc9a4	#247a9f6a-2d7d-4e3d-8aba-aeffe5cff12b
2021-02-10 15:23:10	13d14b6d-7f4c-4996-a6b1-770f96d70507	/kawaiwf/kawai_k1_071_LOG_DRUM.wav
-	13d14b6d-7f4c-4996-a6b1-770f96d70507	#247a9f6a-2d7d-4e3d-8aba-aeffe5cff12b
2021-02-10 15:23:10	90dec062-5d84-4e0b-a761-7eae5e5767a5	/kawaiwf/kawai_k1_072_JAZZ_ORGAN_01.wav
-	90dec062-5d84-4e0b-a761-7eae5e5767a5	#247a9f6a-2d7d-4e3d-8aba-aeffe5cff12b
2021-02-10 15:23:10	338cfa03-94c0-474b-a747-50b18095216f	/kawaiwf/kawai_k1_073_MELLO_PAD.wav
-	338cfa03-94c0-474b-a747-50b18095216f	#247a9f6a-2d7d-4e3d-8aba-aeffe5cff12b
2021-02-10 15:23:10	01fc978e-113a-43d3-a2d9-78167e1404ad	/kawaiwf/kawai_k1_074_SYNTH_SOLO.wav
-	01fc978e-113a-43d3-a2d9-78167e1404ad	#247a9f6a-2d7d-4e3d-8aba-aeffe5cff12b
2021-02-10 15:23:10	b16d36af-bc06-4d92-906f-5a5ae43e3614	/kawaiwf/kawai_k1_075_SYNTH_2.wav
-	b16d36af-bc06-4d92-906f-5a5ae43e3614	#247a9f6a-2d7d-4e3d-8aba-aeffe5cff12b
2021-02-10 15:23:10	f69fa30e-965a-43b7-a018-fb13884663bd	/kawaiwf/kawai_k1_076_FRENCH_HORN.wav
-	f69fa30e-965a-43b7-a018-fb13884663bd	#247a9f6a-2d7d-4e3d-8aba-aeffe5cff12b
2021-02-10 15:23:10	77c3c0cc-a46d-4a40-8057-8422d810067a	/kawaiwf/kawai_k1_077_FRENCH_HORN.wav
-	77c3c0cc-a46d-4a40-8057-8422d810067a	#247a9f6a-2d7d-4e3d-8aba-aeffe5cff12b
2021-02-10 15:23:10	d11d4095-905c-46a2-a785-d32dfd10c7e8	/kawaiwf/kawai_k1_078_BRASS.wav
-	d11d4095-905c-46a2-a785-d32dfd10c7e8	#247a9f6a-2d7d-4e3d-8aba-aeffe5cff12b
2021-02-10 15:23:10	92758ba2-ebf6-48e0-8913-372bac14589d	/kawaiwf/kawai_k1_079_BRASS.wav
-	92758ba2-ebf6-48e0-8913-372bac14589d	#247a9f6a-2d7d-4e3d-8aba-aeffe5cff12b
2021-02-10 15:23:10	d202431b-d38a-43be-b623-6724c8396fe0	/kawaiwf/kawai_k1_080_BRASS.wav
-	d202431b-d38a-43be-b623-6724c8396fe0	#247a9f6a-2d7d-4e3d-8aba-aeffe5cff12b
2021-02-10 15:23:10	de5b665b-ef70-4427-940a-1784385d9d5d	/kawaiwf/kawai_k1_081_BRASS.wav
-	de5b665b-ef70-4427-940a-1784385d9d5d	#247a9f6a-2d7d-4e3d-8aba-aeffe5cff12b
2021-02-10 15:23:10	bc727bbf-7e94-4eef-a787-f2e2a88707fe	/kawaiwf/kawai_k1_082_TRUMPET.wav
-	bc727bbf-7e94-4eef-a787-f2e2a88707fe	#247a9f6a-2d7d-4e3d-8aba-aeffe5cff12b
2021-02-10 15:23:10	6d1f16c0-0af9-4e76-a5ce-ce5da63f9217	/kawaiwf/kawai_k1_083_TRUMPET.wav
-	6d1f16c0-0af9-4e76-a5ce-ce5da63f9217	#247a9f6a-2d7d-4e3d-8aba-aeffe5cff12b
2021-02-10 15:23:10	14ec78f0-1c9d-4637-b37c-1db59c685fc7	/kawaiwf/kawai_k1_084_VIOLIN.wav
-	14ec78f0-1c9d-4637-b37c-1db59c685fc7	#247a9f6a-2d7d-4e3d-8aba-aeffe5cff12b
2021-02-10 15:23:10	6b1fcaa1-e8e7-4046-a9a7-abb8b8035ef8	/kawaiwf/kawai_k1_085_STRING.wav
-	6b1fcaa1-e8e7-4046-a9a7-abb8b8035ef8	#247a9f6a-2d7d-4e3d-8aba-aeffe5cff12b
2021-02-10 15:23:10	74a1ecc5-a90b-43b0-a824-04f12e21cda9	/kawaiwf/kawai_k1_086_PIANO_01.wav
-	74a1ecc5-a90b-43b0-a824-04f12e21cda9	#247a9f6a-2d7d-4e3d-8aba-aeffe5cff12b
2021-02-10 15:23:10	63a1fd1d-c384-4ced-8d6d-053f802680f9	/kawaiwf/kawai_k1_087_PIANO_02.wav
-	63a1fd1d-c384-4ced-8d6d-053f802680f9	#247a9f6a-2d7d-4e3d-8aba-aeffe5cff12b
2021-02-10 15:23:10	26654aa1-3d01-4682-8712-fb3f5840d7f6	/kawaiwf/kawai_k1_088_PIANO_03.wav
-	26654aa1-3d01-4682-8712-fb3f5840d7f6	#247a9f6a-2d7d-4e3d-8aba-aeffe5cff12b
2021-02-10 15:23:10	319bb438-c257-4d8b-8080-3d0deb79da3d	/kawaiwf/kawai_k1_089_PIANO_02.wav
-	319bb438-c257-4d8b-8080-3d0deb79da3d	#247a9f6a-2d7d-4e3d-8aba-aeffe5cff12b
2021-02-10 15:23:10	65521c67-5957-4c7b-88f9-13cee13cad40	/kawaiwf/kawai_k1_090_PIANO_03.wav
-	65521c67-5957-4c7b-88f9-13cee13cad40	#247a9f6a-2d7d-4e3d-8aba-aeffe5cff12b
2021-02-10 15:23:10	f70d5ded-1ca5-4c2d-b4a4-127771408729	/kawaiwf/kawai_k1_091_PIANO_04.wav
-	f70d5ded-1ca5-4c2d-b4a4-127771408729	#247a9f6a-2d7d-4e3d-8aba-aeffe5cff12b
2021-02-10 15:23:10	5ab67257-b95b-4b6b-bd7b-e04afecdf90d	/kawaiwf/kawai_k1_092_PIANO_04.wav
-	5ab67257-b95b-4b6b-bd7b-e04afecdf90d	#247a9f6a-2d7d-4e3d-8aba-aeffe5cff12b
2021-02-10 15:23:10	82574961-316e-4975-b4cd-90d833fa5cce	/kawaiwf/kawai_k1_093_EL_GRAND.wav
-	82574961-316e-4975-b4cd-90d833fa5cce	#247a9f6a-2d7d-4e3d-8aba-aeffe5cff12b
2021-02-10 15:23:10	1ce8075f-941c-434e-91bf-46b83155a3b8	/kawaiwf/kawai_k1_094_E_PIANO_01.wav
-	1ce8075f-941c-434e-91bf-46b83155a3b8	#247a9f6a-2d7d-4e3d-8aba-aeffe5cff12b
2021-02-10 15:23:10	470444ae-aa82-41de-a9ae-4e497fb790d1	/kawaiwf/kawai_k1_095_E_PIANO_02.wav
-	470444ae-aa82-41de-a9ae-4e497fb790d1	#247a9f6a-2d7d-4e3d-8aba-aeffe5cff12b
2021-02-10 15:23:10	b86239a7-1e6d-4561-a99c-ffb8299ac4fd	/kawaiwf/kawai_k1_096_E_PIANO_02.wav
-	b86239a7-1e6d-4561-a99c-ffb8299ac4fd	#247a9f6a-2d7d-4e3d-8aba-aeffe5cff12b
2021-02-10 15:23:10	516464c6-f56b-4b0c-8be4-624c5a8053f4	/kawaiwf/kawai_k1_097_CLAVI.wav
-	516464c6-f56b-4b0c-8be4-624c5a8053f4	#247a9f6a-2d7d-4e3d-8aba-aeffe5cff12b
2021-02-10 15:23:10	8bd390c6-513d-40f9-8a27-85e4945bb6a5	/kawaiwf/kawai_k1_098_HARPSICHORD.wav
-	8bd390c6-513d-40f9-8a27-85e4945bb6a5	#247a9f6a-2d7d-4e3d-8aba-aeffe5cff12b
2021-02-10 15:23:10	0f740416-afce-4892-a5b0-072ead0b3aa9	/kawaiwf/kawai_k1_099_VIBE.wav
-	0f740416-afce-4892-a5b0-072ead0b3aa9	#247a9f6a-2d7d-4e3d-8aba-aeffe5cff12b
2021-02-10 15:23:10	8569e2a4-e37e-46f0-88b7-44344ae4faea	/kawaiwf/kawai_k1_100_A_GUITAR.wav
-	8569e2a4-e37e-46f0-88b7-44344ae4faea	#247a9f6a-2d7d-4e3d-8aba-aeffe5cff12b
2021-02-10 15:23:10	a86d2add-b293-4490-b146-0f9023bf0918	/kawaiwf/kawai_k1_101_F_GUITAR.wav
-	a86d2add-b293-4490-b146-0f9023bf0918	#247a9f6a-2d7d-4e3d-8aba-aeffe5cff12b
2021-02-10 15:23:10	00165380-7175-4cfc-81eb-6220731ed5bd	/kawaiwf/kawai_k1_102_STRAT.wav
-	00165380-7175-4cfc-81eb-6220731ed5bd	#247a9f6a-2d7d-4e3d-8aba-aeffe5cff12b
2021-02-10 15:23:10	dae13b72-4fbf-4e14-9f87-29250e59d33b	/kawaiwf/kawai_k1_103_STRAT.wav
-	dae13b72-4fbf-4e14-9f87-29250e59d33b	#247a9f6a-2d7d-4e3d-8aba-aeffe5cff12b
2021-02-10 15:23:10	d528b7b4-12bd-4a59-b4a8-cb8836d3926e	/kawaiwf/kawai_k1_104_Ac_BASS.wav
-	d528b7b4-12bd-4a59-b4a8-cb8836d3926e	#247a9f6a-2d7d-4e3d-8aba-aeffe5cff12b
2021-02-10 15:23:10	9763d8fb-35c0-4d0e-af65-5f53b5b4e3a1	/kawaiwf/kawai_k1_105_PULL_BASS.wav
-	9763d8fb-35c0-4d0e-af65-5f53b5b4e3a1	#247a9f6a-2d7d-4e3d-8aba-aeffe5cff12b
2021-02-10 15:23:10	938f0847-b6d1-4bed-b2b7-ed3e23982f84	/kawaiwf/kawai_k1_106_PULL_BASS.wav
-	938f0847-b6d1-4bed-b2b7-ed3e23982f84	#247a9f6a-2d7d-4e3d-8aba-aeffe5cff12b
2021-02-10 15:23:10	bd1092a7-ca85-46bf-87ee-10de75df001e	/kawaiwf/kawai_k1_107_ROUND_BASS.wav
-	bd1092a7-ca85-46bf-87ee-10de75df001e	#247a9f6a-2d7d-4e3d-8aba-aeffe5cff12b
2021-02-10 15:23:10	dfabaee2-5046-45a6-8ece-4816a4263187	/kawaiwf/kawai_k1_108_SLAP_BASS.wav
-	dfabaee2-5046-45a6-8ece-4816a4263187	#247a9f6a-2d7d-4e3d-8aba-aeffe5cff12b
2021-02-10 15:23:10	06df8380-6d61-4550-b92e-83d9afb904d4	/kawaiwf/kawai_k1_109_SLAP_BASS.wav
-	06df8380-6d61-4550-b92e-83d9afb904d4	#247a9f6a-2d7d-4e3d-8aba-aeffe5cff12b
2021-02-10 15:23:10	517ce594-4d34-4282-82a0-4f5ffa0e343e	/kawaiwf/kawai_k1_110_SLAP_BASS.wav
-	517ce594-4d34-4282-82a0-4f5ffa0e343e	#247a9f6a-2d7d-4e3d-8aba-aeffe5cff12b
2021-02-10 15:23:10	3bf74b90-75d3-45cb-8d87-d364f924e495	/kawaiwf/kawai_k1_111_FRETLESS.wav
-	3bf74b90-75d3-45cb-8d87-d364f924e495	#247a9f6a-2d7d-4e3d-8aba-aeffe5cff12b
2021-02-10 15:23:10	b9c92f2f-2f8f-4b68-90e8-a103db7b35f4	/kawaiwf/kawai_k1_112_FRETLESS.wav
-	b9c92f2f-2f8f-4b68-90e8-a103db7b35f4	#247a9f6a-2d7d-4e3d-8aba-aeffe5cff12b
2021-02-10 15:23:10	8d25f724-ef9c-404f-9030-4565d8b2cf4a	/kawaiwf/kawai_k1_113_SYNTH_BASS.wav
-	8d25f724-ef9c-404f-9030-4565d8b2cf4a	#247a9f6a-2d7d-4e3d-8aba-aeffe5cff12b
2021-02-10 15:23:10	be87a4fb-ccf1-4a79-8246-e064ddf107d1	/kawaiwf/kawai_k1_114_SYNTH_BASS.wav
-	be87a4fb-ccf1-4a79-8246-e064ddf107d1	#247a9f6a-2d7d-4e3d-8aba-aeffe5cff12b
2021-02-10 15:23:10	cf345914-5bfa-4d33-9234-1329eb9b258b	/kawaiwf/kawai_k1_115_HARMONICA.wav
-	cf345914-5bfa-4d33-9234-1329eb9b258b	#247a9f6a-2d7d-4e3d-8aba-aeffe5cff12b
2021-02-10 15:23:10	748ce3ff-dd86-42d2-9186-3d314cc9e5c8	/kawaiwf/kawai_k1_116_CLARINET.wav
-	748ce3ff-dd86-42d2-9186-3d314cc9e5c8	#247a9f6a-2d7d-4e3d-8aba-aeffe5cff12b
2021-02-10 15:23:10	630e5e82-2e0f-4585-b7a6-790283d769de	/kawaiwf/kawai_k1_117_CLARINET.wav
-	630e5e82-2e0f-4585-b7a6-790283d769de	#247a9f6a-2d7d-4e3d-8aba-aeffe5cff12b
2021-02-10 15:23:10	37507244-cddb-4f4b-8a8c-884117e312e2	/kawaiwf/kawai_k1_118_OBOE.wav
-	37507244-cddb-4f4b-8a8c-884117e312e2	#247a9f6a-2d7d-4e3d-8aba-aeffe5cff12b
2021-02-10 15:23:10	61c5b980-5d40-4aa5-9f69-47164d25a437	/kawaiwf/kawai_k1_119_OBOE.wav
-	61c5b980-5d40-4aa5-9f69-47164d25a437	#247a9f6a-2d7d-4e3d-8aba-aeffe5cff12b
2021-02-10 15:23:10	af6037e6-b0cd-45eb-a549-9ba5fe8d48fa	/kawaiwf/kawai_k1_120_SHAKUHACHI.wav
-	af6037e6-b0cd-45eb-a549-9ba5fe8d48fa	#247a9f6a-2d7d-4e3d-8aba-aeffe5cff12b
2021-02-10 15:23:10	396a1726-07f2-4813-8a5a-8c69b5a5313e	/kawaiwf/kawai_k1_121_ORIENTAL_BELL.wav
-	396a1726-07f2-4813-8a5a-8c69b5a5313e	#247a9f6a-2d7d-4e3d-8aba-aeffe5cff12b
2021-02-10 15:23:10	52e2e41c-5997-45ec-afa3-9614e2f68b53	/kawaiwf/kawai_k1_122_ORIENTAL_BELL.wav
-	52e2e41c-5997-45ec-afa3-9614e2f68b53	#247a9f6a-2d7d-4e3d-8aba-aeffe5cff12b
2021-02-10 15:23:10	aed3fb35-dc82-4e67-a533-bca2c2e4dc46	/kawaiwf/kawai_k1_123_BELL.wav
-	aed3fb35-dc82-4e67-a533-bca2c2e4dc46	#247a9f6a-2d7d-4e3d-8aba-aeffe5cff12b
2021-02-10 15:23:10	ed5ee703-dfbd-4369-85c3-38e117bf8fb6	/kawaiwf/kawai_k1_124_KOTO.wav
-	ed5ee703-dfbd-4369-85c3-38e117bf8fb6	#247a9f6a-2d7d-4e3d-8aba-aeffe5cff12b
2021-02-10 15:23:10	5ada3b85-b1ec-44dc-9514-dca3d9239c09	/kawaiwf/kawai_k1_125_SITAR.wav
-	5ada3b85-b1ec-44dc-9514-dca3d9239c09	#247a9f6a-2d7d-4e3d-8aba-aeffe5cff12b
2021-02-10 15:23:10	75b0b874-c4d4-428a-bd23-fb646776faf6	/kawaiwf/kawai_k1_126_E_TOM.wav
-	75b0b874-c4d4-428a-bd23-fb646776faf6	#247a9f6a-2d7d-4e3d-8aba-aeffe5cff12b
2021-02-10 15:23:10	f6e275f5-72ba-4a19-85b4-9a0b06e48b3f	/kawaiwf/kawai_k1_127_LOG_DRUM.wav
-	f6e275f5-72ba-4a19-85b4-9a0b06e48b3f	#247a9f6a-2d7d-4e3d-8aba-aeffe5cff12b
2021-02-10 15:23:10	0c0ea606-d717-451c-832f-394f560ff73c	/kawaiwf/kawai_k1_128_LOG_DRUM.wav
-	0c0ea606-d717-451c-832f-394f560ff73c	#247a9f6a-2d7d-4e3d-8aba-aeffe5cff12b
2021-02-10 15:23:10	a20ab58e-242f-4650-9ec8-7653f3f5fafd	/kawaiwf/kawai_k1_129_STEEL_DRUM.wav
-	a20ab58e-242f-4650-9ec8-7653f3f5fafd	#247a9f6a-2d7d-4e3d-8aba-aeffe5cff12b
2021-02-10 15:23:10	90dc287d-9829-4569-bd67-16283467fd07	/kawaiwf/kawai_k1_130_STEEL_DRUM.wav
-	90dc287d-9829-4569-bd67-16283467fd07	#247a9f6a-2d7d-4e3d-8aba-aeffe5cff12b
2021-02-10 15:23:10	70f46576-a1fa-4082-9fe0-297b343918dc	/kawaiwf/kawai_k1_131_VOICE_01.wav
-	70f46576-a1fa-4082-9fe0-297b343918dc	#247a9f6a-2d7d-4e3d-8aba-aeffe5cff12b
2021-02-10 15:23:10	aef2e6c7-e0bb-49bd-b782-423a8d8ed476	/kawaiwf/kawai_k1_132_VOICE_02.wav
-	aef2e6c7-e0bb-49bd-b782-423a8d8ed476	#247a9f6a-2d7d-4e3d-8aba-aeffe5cff12b
2021-02-10 15:23:10	d7f0f960-0ded-4272-92e7-6e71f90d9492	/kawaiwf/kawai_k1_133_ACCORDION.wav
-	d7f0f960-0ded-4272-92e7-6e71f90d9492	#247a9f6a-2d7d-4e3d-8aba-aeffe5cff12b
2021-02-10 15:23:10	97571a90-55f1-44b9-84f6-93cf9c063216	/kawaiwf/kawai_k1_134_ACCORDION.wav
-	97571a90-55f1-44b9-84f6-93cf9c063216	#247a9f6a-2d7d-4e3d-8aba-aeffe5cff12b
2021-02-10 15:23:10	f9a1abea-d434-4df1-adcc-a907088cab88	/kawaiwf/kawai_k1_135_JAZZ_ORGAN_02.wav
-	f9a1abea-d434-4df1-adcc-a907088cab88	#247a9f6a-2d7d-4e3d-8aba-aeffe5cff12b
2021-02-10 15:23:10	7a76fde6-427d-42c8-a237-936b63e07173	/kawaiwf/kawai_k1_136_ROCK_ORGAN_01.wav
-	7a76fde6-427d-42c8-a237-936b63e07173	#247a9f6a-2d7d-4e3d-8aba-aeffe5cff12b
2021-02-10 15:23:10	e7a8c612-f20f-42e2-bfef-d2d3ffb418a9	/kawaiwf/kawai_k1_137_DRAW_BAR_01.wav
-	e7a8c612-f20f-42e2-bfef-d2d3ffb418a9	#247a9f6a-2d7d-4e3d-8aba-aeffe5cff12b
2021-02-10 15:23:10	106ed28e-f534-4f11-b75f-4dc8624d70c8	/kawaiwf/kawai_k1_138_DRAW_BAR_02.wav
-	106ed28e-f534-4f11-b75f-4dc8624d70c8	#247a9f6a-2d7d-4e3d-8aba-aeffe5cff12b
2021-02-10 15:23:10	4126248a-6dcf-4ed5-9386-80bb53558246	/kawaiwf/kawai_k1_139_PIPE_ORGAN_01.wav
-	4126248a-6dcf-4ed5-9386-80bb53558246	#247a9f6a-2d7d-4e3d-8aba-aeffe5cff12b
2021-02-10 15:23:10	c3854c56-5301-4432-9c55-ad4f790c5569	/kawaiwf/kawai_k1_140_PIPE_ORGAN_02.wav
-	c3854c56-5301-4432-9c55-ad4f790c5569	#247a9f6a-2d7d-4e3d-8aba-aeffe5cff12b
2021-02-10 15:23:10	16c1ca01-634c-4eec-88a2-a07042b76936	/kawaiwf/kawai_k1_141_ROCK_ORGAN_02.wav
-	16c1ca01-634c-4eec-88a2-a07042b76936	#247a9f6a-2d7d-4e3d-8aba-aeffe5cff12b
2021-02-10 15:23:10	d32c1bdd-375f-445c-95f4-d94508beb20f	/kawaiwf/kawai_k1_142_SYNTH_SOLO.wav
-	d32c1bdd-375f-445c-95f4-d94508beb20f	#247a9f6a-2d7d-4e3d-8aba-aeffe5cff12b
2021-02-10 15:23:10	2a0f1623-4cea-4f76-ac8c-872f869cc778	/kawaiwf/kawai_k1_143_SYNTH_SOLO.wav
-	2a0f1623-4cea-4f76-ac8c-872f869cc778	#247a9f6a-2d7d-4e3d-8aba-aeffe5cff12b
2021-02-10 15:23:10	4cf0c476-cd56-42b8-8b80-37a98592635f	/kawaiwf/kawai_k1_144_SYNTH_02.wav
-	4cf0c476-cd56-42b8-8b80-37a98592635f	#247a9f6a-2d7d-4e3d-8aba-aeffe5cff12b
2021-02-10 15:23:10	f6b61941-c952-47ea-bc65-a50e60421746	/kawaiwf/kawai_k1_145_SYNTH_02.wav
-	f6b61941-c952-47ea-bc65-a50e60421746	#247a9f6a-2d7d-4e3d-8aba-aeffe5cff12b
2021-02-10 15:23:10	5f9741bf-791b-4224-9ec6-da468abdfaf3	/kawaiwf/kawai_k1_146_SYNTH_03.wav
-	5f9741bf-791b-4224-9ec6-da468abdfaf3	#247a9f6a-2d7d-4e3d-8aba-aeffe5cff12b
2021-02-10 15:23:10	88471ea4-ad85-4192-a57e-dd8fb78f99bc	/kawaiwf/kawai_k1_147_BRASS.wav
-	88471ea4-ad85-4192-a57e-dd8fb78f99bc	#247a9f6a-2d7d-4e3d-8aba-aeffe5cff12b
2021-02-10 15:23:10	d7ec817b-235b-44bb-ad2c-c5fb2977c355	/kawaiwf/kawai_k1_148_BRASS.wav
-	d7ec817b-235b-44bb-ad2c-c5fb2977c355	#247a9f6a-2d7d-4e3d-8aba-aeffe5cff12b
2021-02-10 15:23:10	5c84e5ac-a00c-4581-b3c4-e64c53cdc0f3	/kawaiwf/kawai_k1_149_ORCHESTRA.wav
-	5c84e5ac-a00c-4581-b3c4-e64c53cdc0f3	#247a9f6a-2d7d-4e3d-8aba-aeffe5cff12b
2021-02-10 15:23:10	330cc563-e0dd-4dcc-9af3-9d25af3b0e74	/kawaiwf/kawai_k1_150_PIANO_01.wav
-	330cc563-e0dd-4dcc-9af3-9d25af3b0e74	#247a9f6a-2d7d-4e3d-8aba-aeffe5cff12b
2021-02-10 15:23:10	be7cc990-9a5b-4be2-92e2-e688937f2f70	/kawaiwf/kawai_k1_151_PIANO_04.wav
-	be7cc990-9a5b-4be2-92e2-e688937f2f70	#247a9f6a-2d7d-4e3d-8aba-aeffe5cff12b
2021-02-10 15:23:10	042157ac-4738-406a-bc06-f02d35a4f405	/kawaiwf/kawai_k1_152_E_PIANO_01.wav
-	042157ac-4738-406a-bc06-f02d35a4f405	#247a9f6a-2d7d-4e3d-8aba-aeffe5cff12b
2021-02-10 15:23:10	ff7b79d2-a2db-48df-9593-1cd6bb6d7d7a	/kawaiwf/kawai_k1_153_E_PIANO_01.wav
-	ff7b79d2-a2db-48df-9593-1cd6bb6d7d7a	#247a9f6a-2d7d-4e3d-8aba-aeffe5cff12b
2021-02-10 15:23:10	996edbdb-dc17-4c59-a8a6-a6289b1e8481	/kawaiwf/kawai_k1_154_E_PIANO_02.wav
-	996edbdb-dc17-4c59-a8a6-a6289b1e8481	#247a9f6a-2d7d-4e3d-8aba-aeffe5cff12b
2021-02-10 15:23:10	21871576-4eab-42cd-a677-024cb4fefecd	/kawaiwf/kawai_k1_155_E_PIANO_03.wav
-	21871576-4eab-42cd-a677-024cb4fefecd	#247a9f6a-2d7d-4e3d-8aba-aeffe5cff12b
2021-02-10 15:23:10	4d39cba0-f4ba-442a-aca5-494d4749e178	/kawaiwf/kawai_k1_156_CLAVI.wav
-	4d39cba0-f4ba-442a-aca5-494d4749e178	#247a9f6a-2d7d-4e3d-8aba-aeffe5cff12b
2021-02-10 15:23:10	6b9bdc92-a993-4378-bd6c-75acfaefe48a	/kawaiwf/kawai_k1_157_HARPSICHORD.wav
-	6b9bdc92-a993-4378-bd6c-75acfaefe48a	#247a9f6a-2d7d-4e3d-8aba-aeffe5cff12b
2021-02-10 15:23:10	e02b5fb3-c0c3-44b2-af6a-cb1c15e7e5a1	/kawaiwf/kawai_k1_158_HARPSICHORD.wav
-	e02b5fb3-c0c3-44b2-af6a-cb1c15e7e5a1	#247a9f6a-2d7d-4e3d-8aba-aeffe5cff12b
2021-02-10 15:23:10	898c9319-61b3-4f64-abf2-28e17963523b	/kawaiwf/kawai_k1_159_VIBE.wav
-	898c9319-61b3-4f64-abf2-28e17963523b	#247a9f6a-2d7d-4e3d-8aba-aeffe5cff12b
2021-02-10 15:23:10	dc15fb45-824f-4077-a645-4ff9f013b0c7	/kawaiwf/kawai_k1_160_DIGI_BASS_01.wav
-	dc15fb45-824f-4077-a645-4ff9f013b0c7	#247a9f6a-2d7d-4e3d-8aba-aeffe5cff12b
2021-02-10 15:23:10	9a24c136-98a5-414c-bcb2-515389c17588	/kawaiwf/kawai_k1_161_DIGI_BASS_02.wav
-	9a24c136-98a5-414c-bcb2-515389c17588	#247a9f6a-2d7d-4e3d-8aba-aeffe5cff12b
2021-02-10 15:23:10	0932807f-bcd3-4eec-9739-87df81b96d69	/kawaiwf/kawai_k1_162_DIGI_BASS_02.wav
-	0932807f-bcd3-4eec-9739-87df81b96d69	#247a9f6a-2d7d-4e3d-8aba-aeffe5cff12b
2021-02-10 15:23:10	d2bcfb9f-e3a3-4e09-ad39-01e3cf99bfb1	/kawaiwf/kawai_k1_163_PICK_BASS.wav
-	d2bcfb9f-e3a3-4e09-ad39-01e3cf99bfb1	#247a9f6a-2d7d-4e3d-8aba-aeffe5cff12b
2021-02-10 15:23:10	52af8098-0d3f-4e3a-adef-077c81b73058	/kawaiwf/kawai_k1_164_GLOCKEN.wav
-	52af8098-0d3f-4e3a-adef-077c81b73058	#247a9f6a-2d7d-4e3d-8aba-aeffe5cff12b
2021-02-10 15:23:10	2673e5c4-1c67-4e22-88f1-a24ae1148d6f	/kawaiwf/kawai_k1_165_GLOCKEN.wav
-	2673e5c4-1c67-4e22-88f1-a24ae1148d6f	#247a9f6a-2d7d-4e3d-8aba-aeffe5cff12b
2021-02-10 15:23:10	be9fa3da-f939-4bbd-bb6f-1e2af3d11399	/kawaiwf/kawai_k1_166_TINE.wav
-	be9fa3da-f939-4bbd-bb6f-1e2af3d11399	#247a9f6a-2d7d-4e3d-8aba-aeffe5cff12b
2021-02-10 15:23:10	2478ee18-8a25-499b-af12-07276569ef99	/kawaiwf/kawai_k1_167_TINE.wav
-	2478ee18-8a25-499b-af12-07276569ef99	#247a9f6a-2d7d-4e3d-8aba-aeffe5cff12b
2021-02-10 15:23:10	ab3761af-6083-4b41-af5d-255e5a7439f9	/kawaiwf/kawai_k1_168_TINE.wav
-	ab3761af-6083-4b41-af5d-255e5a7439f9	#247a9f6a-2d7d-4e3d-8aba-aeffe5cff12b
2021-02-10 15:23:10	8bb1befd-e6ec-47b0-ad39-a8deab7127a9	/kawaiwf/kawai_k1_169_TUBE_BELL.wav
-	8bb1befd-e6ec-47b0-ad39-a8deab7127a9	#247a9f6a-2d7d-4e3d-8aba-aeffe5cff12b
2021-02-10 15:23:10	5e8b75b5-eeff-4fff-bafd-169e409e0708	/kawaiwf/kawai_k1_170_TUBE_BELL.wav
-	5e8b75b5-eeff-4fff-bafd-169e409e0708	#247a9f6a-2d7d-4e3d-8aba-aeffe5cff12b
2021-02-10 15:23:10	18df532e-3d34-4b42-b6e3-af46612ae8cc	/kawaiwf/kawai_k1_171_TUBE_BELL.wav
-	18df532e-3d34-4b42-b6e3-af46612ae8cc	#247a9f6a-2d7d-4e3d-8aba-aeffe5cff12b
2021-02-10 15:23:10	7c1dc707-bde2-4fb1-b597-2d1197b77134	/kawaiwf/kawai_k1_172_XYLOPHONE.wav
-	7c1dc707-bde2-4fb1-b597-2d1197b77134	#247a9f6a-2d7d-4e3d-8aba-aeffe5cff12b
2021-02-10 15:23:10	29924c58-4f54-46c3-bf2b-d197bb546d28	/kawaiwf/kawai_k1_173_XYLOPHONE.wav
-	29924c58-4f54-46c3-bf2b-d197bb546d28	#247a9f6a-2d7d-4e3d-8aba-aeffe5cff12b
2021-02-10 15:23:10	80b11930-a024-48a0-88da-3ff958ef8cdd	/kawaiwf/kawai_k1_174_HARP.wav
-	80b11930-a024-48a0-88da-3ff958ef8cdd	#247a9f6a-2d7d-4e3d-8aba-aeffe5cff12b
2021-02-10 15:23:10	d6abd307-db40-4e81-929a-e8ca39d8c824	/kawaiwf/kawai_k1_175_KOTO.wav
-	d6abd307-db40-4e81-929a-e8ca39d8c824	#247a9f6a-2d7d-4e3d-8aba-aeffe5cff12b
2021-02-10 15:23:10	195ce6d5-a78a-4302-8a85-142768a5903b	/kawaiwf/kawai_k1_176_SITAR.wav
-	195ce6d5-a78a-4302-8a85-142768a5903b	#247a9f6a-2d7d-4e3d-8aba-aeffe5cff12b
2021-02-10 15:23:10	b45f8733-5a5b-4814-9e9e-a124fa57333b	/kawaiwf/kawai_k1_177_SITAR.wav
-	b45f8733-5a5b-4814-9e9e-a124fa57333b	#247a9f6a-2d7d-4e3d-8aba-aeffe5cff12b
2021-02-10 15:23:10	4c82d097-29c0-4439-9212-24aa0f13f72c	/kawaiwf/kawai_k1_178_KALIMBA.wav
-	4c82d097-29c0-4439-9212-24aa0f13f72c	#247a9f6a-2d7d-4e3d-8aba-aeffe5cff12b
2021-02-10 15:23:10	3fe9ade9-b8b6-447a-958f-217399ffadeb	/kawaiwf/kawai_k1_179_KALIMBA.wav
-	3fe9ade9-b8b6-447a-958f-217399ffadeb	#247a9f6a-2d7d-4e3d-8aba-aeffe5cff12b
2021-02-10 15:23:10	3f0dd2e9-1373-4c39-92a2-f56e5045031d	/kawaiwf/kawai_k1_180_KALIMBA.wav
-	3f0dd2e9-1373-4c39-92a2-f56e5045031d	#247a9f6a-2d7d-4e3d-8aba-aeffe5cff12b
2021-02-10 15:23:10	187373a4-f2d6-4803-bd13-d23abe504b5e	/kawaiwf/kawai_k1_181_LOG_DRUM.wav
-	187373a4-f2d6-4803-bd13-d23abe504b5e	#247a9f6a-2d7d-4e3d-8aba-aeffe5cff12b
2021-02-10 15:23:10	3c6099a0-3fa3-4640-8eae-ed8013a8213a	/kawaiwf/kawai_k1_182_STEEL_DRUM.wav
-	3c6099a0-3fa3-4640-8eae-ed8013a8213a	#247a9f6a-2d7d-4e3d-8aba-aeffe5cff12b
2021-02-10 15:23:10	4821fc4e-e8be-4b63-ac74-0602201fb48c	/kawaiwf/kawai_k1_183_PIPE_ORGAN_03.wav
-	4821fc4e-e8be-4b63-ac74-0602201fb48c	#247a9f6a-2d7d-4e3d-8aba-aeffe5cff12b
2021-02-10 15:23:10	eb8d5269-5a2c-4c08-851d-74be1aba1d09	/kawaiwf/kawai_k1_184_PIPE_ORGAN_03.wav
-	eb8d5269-5a2c-4c08-851d-74be1aba1d09	#247a9f6a-2d7d-4e3d-8aba-aeffe5cff12b
2021-02-10 15:23:10	51435ca9-a6eb-435e-9a3e-aba5701b5a21	/kawaiwf/kawai_k1_185_SYNTH_01.wav
-	51435ca9-a6eb-435e-9a3e-aba5701b5a21	#247a9f6a-2d7d-4e3d-8aba-aeffe5cff12b
2021-02-10 15:23:10	44fece77-2141-446d-bfc2-6731476fed45	/kawaiwf/kawai_k1_186_SYNTH_02.wav
-	44fece77-2141-446d-bfc2-6731476fed45	#247a9f6a-2d7d-4e3d-8aba-aeffe5cff12b
2021-02-10 15:23:10	342996d9-7e13-4eec-8ef0-a9d4c46bccba	/kawaiwf/kawai_k1_187_SYNTH_03.wav
-	342996d9-7e13-4eec-8ef0-a9d4c46bccba	#247a9f6a-2d7d-4e3d-8aba-aeffe5cff12b
2021-02-10 15:23:10	54cf976d-8306-4ea7-a5b9-b2fa2f5667de	/kawaiwf/kawai_k1_188_SYNTH_03.wav
-	54cf976d-8306-4ea7-a5b9-b2fa2f5667de	#247a9f6a-2d7d-4e3d-8aba-aeffe5cff12b
2021-02-10 15:23:10	a1c7e0d2-d015-4168-9c3d-9ef9d1a097de	/kawaiwf/kawai_k1_189_SYNTH_04.wav
-	a1c7e0d2-d015-4168-9c3d-9ef9d1a097de	#247a9f6a-2d7d-4e3d-8aba-aeffe5cff12b
2021-02-10 15:23:10	7b0fe909-cd41-4b5f-93ef-e6a26b8f46cf	/kawaiwf/kawai_k1_190_SYNTH_04.wav
-	7b0fe909-cd41-4b5f-93ef-e6a26b8f46cf	#247a9f6a-2d7d-4e3d-8aba-aeffe5cff12b
2021-02-10 15:23:10	9fcd7f45-73b6-44c5-a462-d3aa1529c10a	/kawaiwf/kawai_k1_191_CLAVI.wav
-	9fcd7f45-73b6-44c5-a462-d3aa1529c10a	#247a9f6a-2d7d-4e3d-8aba-aeffe5cff12b
2021-02-10 15:23:10	3e7638fa-9e6e-4e33-8c22-0c1d65f02b11	/kawaiwf/kawai_k1_192_DIGI_BASS_01.wav
-	3e7638fa-9e6e-4e33-8c22-0c1d65f02b11	#247a9f6a-2d7d-4e3d-8aba-aeffe5cff12b
2021-02-10 15:23:10	cb90960e-a123-4f62-a5a8-b21a2c624490	/kawaiwf/kawai_k1_193_DIGI_BASS_01.wav
-	cb90960e-a123-4f62-a5a8-b21a2c624490	#247a9f6a-2d7d-4e3d-8aba-aeffe5cff12b
2021-02-10 15:23:10	d1901a8e-279c-4d48-9e0d-33aae5558e2c	/kawaiwf/kawai_k1_194_PICK_BASS.wav
-	d1901a8e-279c-4d48-9e0d-33aae5558e2c	#247a9f6a-2d7d-4e3d-8aba-aeffe5cff12b
2021-02-10 15:23:10	a83fe264-a6a3-4618-a0d9-9cd8d890ef49	/kawaiwf/kawai_k1_195_PICK_BASS.wav
-	a83fe264-a6a3-4618-a0d9-9cd8d890ef49	#247a9f6a-2d7d-4e3d-8aba-aeffe5cff12b
2021-02-10 15:23:10	16bc9977-fcb7-4727-8f0f-f59e2658a74d	/kawaiwf/kawai_k1_196_ROUND_BASS.wav
-	16bc9977-fcb7-4727-8f0f-f59e2658a74d	#247a9f6a-2d7d-4e3d-8aba-aeffe5cff12b
2021-02-10 15:23:10	ef109d74-bb7f-40bd-8645-8775c391b2d9	/kawaiwf/kawai_k1_197_ROUND_BASS.wav
-	ef109d74-bb7f-40bd-8645-8775c391b2d9	#247a9f6a-2d7d-4e3d-8aba-aeffe5cff12b
2021-02-10 15:23:10	509f378c-fe07-4ae7-9672-28ec84eefb11	/kawaiwf/kawai_k1_198_HARMONICA.wav
-	509f378c-fe07-4ae7-9672-28ec84eefb11	#247a9f6a-2d7d-4e3d-8aba-aeffe5cff12b
2021-02-10 15:23:10	4b36c683-8010-4986-9a79-fd17b00344f3	/kawaiwf/kawai_k1_199_HARMONICA.wav
-	4b36c683-8010-4986-9a79-fd17b00344f3	#247a9f6a-2d7d-4e3d-8aba-aeffe5cff12b
2021-02-10 15:23:10	57b27406-7d80-4b07-8d50-9daa7955dbd7	/kawaiwf/kawai_k1_200_HARP.wav
-	57b27406-7d80-4b07-8d50-9daa7955dbd7	#247a9f6a-2d7d-4e3d-8aba-aeffe5cff12b
2021-02-10 15:23:10	73094867-7e8e-4a36-8eca-de321d11eb0d	/kawaiwf/kawai_k1_201_KOTO.wav
-	73094867-7e8e-4a36-8eca-de321d11eb0d	#247a9f6a-2d7d-4e3d-8aba-aeffe5cff12b
2021-02-10 15:23:10	28bea31c-ead3-413d-afbe-11bb9b87a2a0	/kawaiwf/kawai_k1_202_SITAR.wav
-	28bea31c-ead3-413d-afbe-11bb9b87a2a0	#247a9f6a-2d7d-4e3d-8aba-aeffe5cff12b
2021-02-10 15:23:10	30bdc470-bcfa-4a4e-ae2a-d9f37cedde62	/kawaiwf/kawai_k1_203_MARIMBA.wav
-	30bdc470-bcfa-4a4e-ae2a-d9f37cedde62	#247a9f6a-2d7d-4e3d-8aba-aeffe5cff12b
2021-02-10 15:23:10	1b371476-0ffe-4c4c-823c-c1570beb3dd4	/kawaiwf/kawai_k1_204_SYNTH_01.wav
-	1b371476-0ffe-4c4c-823c-c1570beb3dd4	#247a9f6a-2d7d-4e3d-8aba-aeffe5cff12b
2021-02-10 15:23:10	90f542a3-e1bd-49f2-a249-bfb075387372	/kawaiwf/kawai_k1_205_BASS_DRUM.wav
-	90f542a3-e1bd-49f2-a249-bfb075387372	#247a9f6a-2d7d-4e3d-8aba-aeffe5cff12b
2021-02-10 15:23:10	a18746a9-574b-423d-9950-6591a7cb3dc6	/kawaiwf/kawai_k1_206_AC_SNARE.wav
-	a18746a9-574b-423d-9950-6591a7cb3dc6	#247a9f6a-2d7d-4e3d-8aba-aeffe5cff12b
2021-02-10 15:23:10	b0a20397-5b5d-4012-97a2-e79618492ecb	/kawaiwf/kawai_k1_207_TIGHT_SNARE.wav
-	b0a20397-5b5d-4012-97a2-e79618492ecb	#247a9f6a-2d7d-4e3d-8aba-aeffe5cff12b
2021-02-10 15:23:10	3d9dad33-e433-4b04-aa8a-3018fbddd32a	/kawaiwf/kawai_k1_208_E_SNARE.wav
-	3d9dad33-e433-4b04-aa8a-3018fbddd32a	#247a9f6a-2d7d-4e3d-8aba-aeffe5cff12b
2021-02-10 15:23:10	edd74612-e5f2-40f4-be12-2fadd7d3cb98	/kawaiwf/kawai_k1_209_RIM.wav
-	edd74612-e5f2-40f4-be12-2fadd7d3cb98	#247a9f6a-2d7d-4e3d-8aba-aeffe5cff12b
2021-02-10 15:23:10	1c2dca73-6519-4f63-b3b1-0527e12e2bce	/kawaiwf/kawai_k1_210_AC_TOM.wav
-	1c2dca73-6519-4f63-b3b1-0527e12e2bce	#247a9f6a-2d7d-4e3d-8aba-aeffe5cff12b
2021-02-10 15:23:10	64103cfb-d207-472c-ae57-c8fb5441cc6e	/kawaiwf/kawai_k1_211_H_HAT.wav
-	64103cfb-d207-472c-ae57-c8fb5441cc6e	#247a9f6a-2d7d-4e3d-8aba-aeffe5cff12b
2021-02-10 15:23:10	51310cb4-4c75-4d56-b46c-028ecc954e8d	/kawaiwf/kawai_k1_212_CRASH.wav
-	51310cb4-4c75-4d56-b46c-028ecc954e8d	#247a9f6a-2d7d-4e3d-8aba-aeffe5cff12b
2021-02-10 15:23:10	5a43fc5e-e255-4d19-b78b-e2af88f3050a	/kawaiwf/kawai_k1_213_RIDE.wav
-	5a43fc5e-e255-4d19-b78b-e2af88f3050a	#247a9f6a-2d7d-4e3d-8aba-aeffe5cff12b
2021-02-10 15:23:10	56505084-7e5d-498a-96f2-36d5abab14d0	/kawaiwf/kawai_k1_214_STRAT_GUITAR.wav
-	56505084-7e5d-498a-96f2-36d5abab14d0	#247a9f6a-2d7d-4e3d-8aba-aeffe5cff12b
2021-02-10 15:23:10	36dfbff1-4bdc-4a96-99eb-e5dbde6556b3	/kawaiwf/kawai_k1_215_FUZZ_MUTE.wav
-	36dfbff1-4bdc-4a96-99eb-e5dbde6556b3	#247a9f6a-2d7d-4e3d-8aba-aeffe5cff12b
2021-02-10 15:23:10	471766a2-08f8-4124-a27e-dbd804678756	/kawaiwf/kawai_k1_216_A_GUITAR.wav
-	471766a2-08f8-4124-a27e-dbd804678756	#247a9f6a-2d7d-4e3d-8aba-aeffe5cff12b
2021-02-10 15:23:10	10cafcba-84e0-45b0-9463-96e04418f1b5	/kawaiwf/kawai_k1_217_F_GUITAR.wav
-	10cafcba-84e0-45b0-9463-96e04418f1b5	#247a9f6a-2d7d-4e3d-8aba-aeffe5cff12b
2021-02-10 15:23:10	e08c7a29-18ef-4d34-90f5-ebf26af73758	/kawaiwf/kawai_k1_218_GUITAR_HARMO.wav
-	e08c7a29-18ef-4d34-90f5-ebf26af73758	#247a9f6a-2d7d-4e3d-8aba-aeffe5cff12b
2021-02-10 15:23:10	890a51b9-1ec0-4cee-b694-81c974314221	/kawaiwf/kawai_k1_219_PULL_BASS.wav
-	890a51b9-1ec0-4cee-b694-81c974314221	#247a9f6a-2d7d-4e3d-8aba-aeffe5cff12b
2021-02-10 15:23:10	7e59df7f-5228-4394-a28d-7f39df1b0fde	/kawaiwf/kawai_k1_220_BASS_HARMO.wav
-	7e59df7f-5228-4394-a28d-7f39df1b0fde	#247a9f6a-2d7d-4e3d-8aba-aeffe5cff12b
2021-02-10 15:23:10	c3245fc1-d88c-4c35-9134-67d906430194	/kawaiwf/kawai_k1_221_BOWED_STRING.wav
-	c3245fc1-d88c-4c35-9134-67d906430194	#247a9f6a-2d7d-4e3d-8aba-aeffe5cff12b
2021-02-10 15:23:10	a8ad7aaf-6477-47d3-8978-3128acc67cd2	/kawaiwf/kawai_k1_222_STRING_ATTACK.wav
-	a8ad7aaf-6477-47d3-8978-3128acc67cd2	#247a9f6a-2d7d-4e3d-8aba-aeffe5cff12b
2021-02-10 15:23:10	a9670187-22d9-4296-bd32-f39a3a3ebe47	/kawaiwf/kawai_k1_223_STRING_SUS.wav
-	a9670187-22d9-4296-bd32-f39a3a3ebe47	#247a9f6a-2d7d-4e3d-8aba-aeffe5cff12b
2021-02-10 15:23:10	b4bc80a7-a5e4-49fa-bea6-f392b8354b09	/kawaiwf/kawai_k1_224_PIZZICATO.wav
-	b4bc80a7-a5e4-49fa-bea6-f392b8354b09	#247a9f6a-2d7d-4e3d-8aba-aeffe5cff12b
2021-02-10 15:23:10	7e4a4d8a-d0c2-4148-a24c-85e76ce42c5e	/kawaiwf/kawai_k1_225_PIANO.wav
-	7e4a4d8a-d0c2-4148-a24c-85e76ce42c5e	#247a9f6a-2d7d-4e3d-8aba-aeffe5cff12b
2021-02-10 15:23:10	aeb52c73-c593-4da3-8e40-7bf0e58fc5a5	/kawaiwf/kawai_k1_226_EL_GRAND.wav
-	aeb52c73-c593-4da3-8e40-7bf0e58fc5a5	#247a9f6a-2d7d-4e3d-8aba-aeffe5cff12b
2021-02-10 15:23:10	f8ce33d2-097c-43ad-b0f3-971439587448	/kawaiwf/kawai_k1_227_PIANO_NOISE.wav
-	f8ce33d2-097c-43ad-b0f3-971439587448	#247a9f6a-2d7d-4e3d-8aba-aeffe5cff12b
2021-02-10 15:23:10	18bfd47c-afc2-4f88-a486-40c7f5ca9a35	/kawaiwf/kawai_k1_228_TRUMPET.wav
-	18bfd47c-afc2-4f88-a486-40c7f5ca9a35	#247a9f6a-2d7d-4e3d-8aba-aeffe5cff12b
2021-02-10 15:23:10	8ea853a4-9475-46ca-b817-f76f91e3431a	/kawaiwf/kawai_k1_229_SHAKUHACHI_ATTACK.wav
-	8ea853a4-9475-46ca-b817-f76f91e3431a	#247a9f6a-2d7d-4e3d-8aba-aeffe5cff12b
2021-02-10 15:23:10	04d1e8a6-8abc-44f1-a873-4174747ed2f5	/kawaiwf/kawai_k1_230_SHAKUHACHI_SUS.wav
-	04d1e8a6-8abc-44f1-a873-4174747ed2f5	#247a9f6a-2d7d-4e3d-8aba-aeffe5cff12b
2021-02-10 15:23:10	c26146c2-855b-480c-ad5e-ed10f379d4b7	/kawaiwf/kawai_k1_231_PAN_FLUTE_ATTACK.wav
-	c26146c2-855b-480c-ad5e-ed10f379d4b7	#247a9f6a-2d7d-4e3d-8aba-aeffe5cff12b
2021-02-10 15:23:10	a5fa2dac-2048-4509-9759-58fafa3878ca	/kawaiwf/kawai_k1_232_PAN_FLUTE_SUS.wav
-	a5fa2dac-2048-4509-9759-58fafa3878ca	#247a9f6a-2d7d-4e3d-8aba-aeffe5cff12b
2021-02-10 15:23:10	c6d1841e-22f9-40c0-8cd2-6784cfdf0c75	/kawaiwf/kawai_k1_233_VOICE.wav
-	c6d1841e-22f9-40c0-8cd2-6784cfdf0c75	#247a9f6a-2d7d-4e3d-8aba-aeffe5cff12b
2021-02-10 15:23:10	76a1fa29-ad17-4668-b66f-cd6762848dc1	/kawaiwf/kawai_k1_234_WHITE_NOISE.wav
-	76a1fa29-ad17-4668-b66f-cd6762848dc1	#247a9f6a-2d7d-4e3d-8aba-aeffe5cff12b
2021-02-10 15:23:10	0ef471ed-e4a3-48e7-b313-4f86ef61b5d7	/kawaiwf/kawai_k1_235_STRING_LOOP.wav
-	0ef471ed-e4a3-48e7-b313-4f86ef61b5d7	#247a9f6a-2d7d-4e3d-8aba-aeffe5cff12b
2021-02-10 15:23:10	7bebe239-559a-43f9-adb0-98b2fba98c46	/kawaiwf/kawai_k1_236_SHAKUHACHI_LOOP.wav
-	7bebe239-559a-43f9-adb0-98b2fba98c46	#247a9f6a-2d7d-4e3d-8aba-aeffe5cff12b
2021-02-10 15:23:10	c592df74-3a2e-4709-86d2-6df72597e1bd	/kawaiwf/kawai_k1_237_PAN_FLUTE_LOOP.wav
-	c592df74-3a2e-4709-86d2-6df72597e1bd	#247a9f6a-2d7d-4e3d-8aba-aeffe5cff12b
2021-02-10 15:23:10	97cd3ce2-f75c-4df8-a5bb-a9f9ae6f8ebb	/kawaiwf/kawai_k1_238_VOICE_LOOP.wav
-	97cd3ce2-f75c-4df8-a5bb-a9f9ae6f8ebb	#247a9f6a-2d7d-4e3d-8aba-aeffe5cff12b
2021-02-10 15:23:10	665492a8-c948-4a08-b1b6-746f795c65a3	/kawaiwf/kawai_k1_239_WHITE_NOISE_LOOP.wav
-	665492a8-c948-4a08-b1b6-746f795c65a3	#247a9f6a-2d7d-4e3d-8aba-aeffe5cff12b
2021-02-10 15:23:10	235c6f56-2bea-4928-a20b-4c2668bfd1e5	/kawaiwf/kawai_k1_240_AC_SNARE_LOOP.wav
-	235c6f56-2bea-4928-a20b-4c2668bfd1e5	#247a9f6a-2d7d-4e3d-8aba-aeffe5cff12b
2021-02-10 15:23:10	3bb9d7a0-f1bd-4af0-8542-ce57fd090337	/kawaiwf/kawai_k1_241_F_GUITAR_LOOP.wav
-	3bb9d7a0-f1bd-4af0-8542-ce57fd090337	#247a9f6a-2d7d-4e3d-8aba-aeffe5cff12b
2021-02-10 15:23:10	e20651f3-880b-41e1-ab8f-89a20e510e28	/kawaiwf/kawai_k1_242_PULL_BASS_LOOP.wav
-	e20651f3-880b-41e1-ab8f-89a20e510e28	#247a9f6a-2d7d-4e3d-8aba-aeffe5cff12b
2021-02-10 15:23:10	bf3f8bae-9698-4939-b4e5-8505ec3b6632	/kawaiwf/kawai_k1_243_OMNIBUS_LOOP_01.wav
-	bf3f8bae-9698-4939-b4e5-8505ec3b6632	#247a9f6a-2d7d-4e3d-8aba-aeffe5cff12b
2021-02-10 15:23:10	6e9b0a1b-af6d-4a6d-80aa-3f1da23036b0	/kawaiwf/kawai_k1_244_OMNIBUS_LOOP_02.wav
-	6e9b0a1b-af6d-4a6d-80aa-3f1da23036b0	#247a9f6a-2d7d-4e3d-8aba-aeffe5cff12b
2021-02-10 15:23:10	ff3877c6-02e7-4601-b9fd-29d8657e7826	/kawaiwf/kawai_k1_245_OMNIBUS_LOOP_03.wav
-	ff3877c6-02e7-4601-b9fd-29d8657e7826	#247a9f6a-2d7d-4e3d-8aba-aeffe5cff12b
2021-02-10 15:23:10	27154b48-f5ab-4381-8323-a6bc91c3e997	/kawaiwf/kawai_k1_246_OMNIBUS_LOOP_04.wav
-	27154b48-f5ab-4381-8323-a6bc91c3e997	#247a9f6a-2d7d-4e3d-8aba-aeffe5cff12b
2021-02-10 15:23:10	38adee6f-b94b-4993-ac97-cb3a1c4ba756	/kawaiwf/kawai_k1_247_OMNIBUS_LOOP_05.wav
-	38adee6f-b94b-4993-ac97-cb3a1c4ba756	#247a9f6a-2d7d-4e3d-8aba-aeffe5cff12b
2021-02-10 15:23:10	e1a59006-93ce-4160-b460-d5e515b6d7d8	/kawaiwf/kawai_k1_248_OMNIBUS_LOOP_06.wav
-	e1a59006-93ce-4160-b460-d5e515b6d7d8	#247a9f6a-2d7d-4e3d-8aba-aeffe5cff12b
2021-02-10 15:23:10	b1ba6156-baa8-4130-9d80-70d077747daf	/kawaiwf/kawai_k1_249_OMNIBUS_LOOP_07.wav
-	b1ba6156-baa8-4130-9d80-70d077747daf	#247a9f6a-2d7d-4e3d-8aba-aeffe5cff12b
2021-02-10 15:23:10	43b19bde-7aa8-4bb8-a5af-e6a13edbb09a	/kawaiwf/kawai_k1_250_OMNIBUS_LOOP_08.wav
-	43b19bde-7aa8-4bb8-a5af-e6a13edbb09a	#247a9f6a-2d7d-4e3d-8aba-aeffe5cff12b
2021-02-10 15:23:10	9aa49683-3bb6-497a-a97a-85a1c8d8a5e2	/kawaiwf/kawai_k1_251_AC_SNARE_REV.wav
-	9aa49683-3bb6-497a-a97a-85a1c8d8a5e2	#247a9f6a-2d7d-4e3d-8aba-aeffe5cff12b
2021-02-10 15:23:10	61869ad0-2658-49a1-a159-4284ef140931	/kawaiwf/kawai_k1_252_AC_TOM_REV.wav
-	61869ad0-2658-49a1-a159-4284ef140931	#247a9f6a-2d7d-4e3d-8aba-aeffe5cff12b
2021-02-10 15:23:10	33d68a6e-2965-4bb7-bc93-9d6164f8fb46	/kawaiwf/kawai_k1_253_F_GUITAR_REV.wav
-	33d68a6e-2965-4bb7-bc93-9d6164f8fb46	#247a9f6a-2d7d-4e3d-8aba-aeffe5cff12b
2021-02-10 15:23:10	73aeabfb-df57-4339-897a-bed57fdf0707	/kawaiwf/kawai_k1_254_H_HAT_ALT.wav
-	73aeabfb-df57-4339-897a-bed57fdf0707	#247a9f6a-2d7d-4e3d-8aba-aeffe5cff12b
2021-02-10 15:23:10	f0394991-91cf-447c-85b5-2a44710e03aa	/kawaiwf/kawai_k1_255_CRASH_ALT.wav
-	f0394991-91cf-447c-85b5-2a44710e03aa	#247a9f6a-2d7d-4e3d-8aba-aeffe5cff12b
2021-02-10 15:23:10	d20aa35b-68e2-4b92-bf27-37aa640da208	/kawaiwf/kawai_k1_256_PIANO_NOISE_ALT.wav
-	d20aa35b-68e2-4b92-bf27-37aa640da208	#247a9f6a-2d7d-4e3d-8aba-aeffe5cff12b
